text,label
"I grew up (b. 1965) watching and loving the Thunderbirds. All my mates at school watched. We played ""Thunderbirds"" before school, during lunch and after school. We all wanted to be Virgil or Scott. No one wanted to be Alan. Counting down from 5 became an art form. I took my children to see the movie hoping they would get a glimpse of what I loved as a child. How bitterly disappointing. The only high point was the snappy theme tune. Not that it could compare with the original score of the Thunderbirds. Thankfully early Saturday mornings one television channel still plays reruns of the series Gerry Anderson and his wife created. Jonatha Frakes should hand in his directors chair, his version was completely hopeless. A waste of film. Utter rubbish. A CGI remake may be acceptable but replacing marionettes with Homo sapiens subsp. sapiens was a huge error of judgment.",0
"When I put this movie in my DVD player, and sat down with a coke and some chips, I had some expectations. I was hoping that this movie would contain some of the strong-points of the first movie: Awsome animation, good flowing story, excellent voice cast, funny comedy and a kick-ass soundtrack. But, to my disappointment, not any of this is to be found in Atlantis: Milo's Return. Had I read some reviews first, I might not have been so let down. The following paragraph will be directed to those who have seen the first movie, and who enjoyed it primarily for the points mentioned.<br /><br />When the first scene appears, your in for a shock if you just picked Atlantis: Milo's Return from the display-case at your local videoshop (or whatever), and had the expectations I had. The music feels as a bad imitation of the first movie, and the voice cast has been replaced by a not so fitting one. (With the exception of a few characters, like the voice of Sweet). The actual drawings isnt that bad, but the animation in particular is a sad sight. The storyline is also pretty weak, as its more like three episodes of Schooby-Doo than the single adventurous story we got the last time. But dont misunderstand, it's not very good Schooby-Doo episodes. I didnt laugh a single time, although I might have sniggered once or twice.<br /><br />To the audience who haven't seen the first movie, or don't especially care for a similar sequel, here is a fast review of this movie as a stand-alone product: If you liked schooby-doo, you might like this movie. If you didn't, you could still enjoy this movie if you have nothing else to do. And I suspect it might be a good kids movie, but I wouldn't know. It might have been better if Milo's Return had been a three-episode series on a cartoon channel, or on breakfast TV.",0
"Why do people who do not know what a particular time in the past was like feel the need to try to define that time for others? Replace Woodstock with the Civil War and the Apollo moon-landing with the Titanic sinking and you've got as realistic a flick as this formulaic soap opera populated entirely by low-life trash. Is this what kids who were too young to be allowed to go to Woodstock and who failed grade school composition do? ""I'll show those old meanies, I'll put out my own movie and prove that you don't have to know nuttin about your topic to still make money!"" Yeah, we already know that. The one thing watching this film did for me was to give me a little insight into underclass thinking. The next time I see a slut in a bar who looks like Diane Lane, I'm running the other way. It's child abuse to let parents that worthless raise kids. It's audience abuse to simply stick Woodstock and the moonlanding into a flick as if that ipso facto means the film portrays 1969.",0
"Even though I have great interest in Biblical movies, I was bored to death every minute of the movie. Everything is bad. The movie is too long, the acting is most of the time a Joke and the script is horrible. I did not get the point in mixing the story about Abraham and Noah together. So if you value your time and sanity stay away from this horror.",0
"Im a die hard Dads Army fan and nothing will ever change that. I got all the tapes, DVD's and audiobooks and every time i watch/listen to them its brand new. <br /><br />The film. The film is a re run of certain episodes, Man and the hour, Enemy within the gates, Battle School and numerous others with a different edge. Introduction of a new General instead of Captain Square was a brilliant move - especially when he wouldn't cash the cheque (something that is rarely done now).<br /><br />It follows through the early years of getting equipment and uniforms, starting up and training. All in all, its a great film for a boring Sunday afternoon. <br /><br />Two draw backs. One is the Germans bogus dodgy accents (come one, Germans cant pronounced the letter ""W"" like us) and Two The casting of Liz Frazer instead of the familiar Janet Davis. I like Liz in other films like the carry ons but she doesn't carry it correctly in this and Janet Davis would have been the better choice.",1
"A terrible movie as everyone has said. What made me laugh was the cameo appearance by Scott McNealy, giving an award to one of the murdered programmers in front of a wall of SUN logos. McNealy is the CEO of SUN Microsystem, a company that practically defines itself by its hatred of Microsoft. They have been instrumental in filing antitrust complaints against Microsoft. So, were they silly enough to think this bad movie would add fuel to that fire?<br /><br />There's no public record I see of SUN's involvement, but clearly the makers of this movie know Scott McNealy. An interesting mystery.",0
"Finally watched this shocking movie last night, and what a disturbing mindf**ker it is, and unbelievably bloody and some unforgettable scenes, and a total assault on the senses. Looks like a movie from the minds of Lynch (specifically ERASERHEAD), Buttgereit, and even a little of ""Begotten"". What this guy does to his pregnant sister is beyond belief, but then again, did it really happen or is it his brain's left and right sides doing battle. That's the main theme of this piece of art, to draw a fine line between fantasy and reality, and what would happen if the right side of the brain that dreams and fantasizes overtakes the reasoning and logical left side. And the music in this movie is unbelievable, a kind of electronic score that is absolutely perfect. Even though this movie is totally shocking and pretty disgusting in some of the most extreme scenes (including hard core sex) you will ever see in any movie, I viewed it as a work of art, and loved it. And that music still amazes me, I have to try and find the soundtrack if is available. Watching ""Subconscious Cruelty"" is a real event, and not something the viewer will easily forget. And a note to gorehounds, this is a must-have.<br /><br />Warning... Be careful buying this movie, because some prints have fogging on the graphic sex scenes and extreme gore, especially the copies from the Japanese release.",1
"I caught this film on AZN on cable. It sounded like it would be a good film, a Japanese ""Green Card"". I can't say I've ever disliked an Asian film, quite the contrary. Some of the most incredible horror films of all time are Japanese and Korean, and I am a HUGE fan of John Woo's Hong Kong films. I an not adverse to a light hearted films, like Tampopo or Chung King Express (two of my favourites), so I thought I would like this. Well, I would rather slit my wrists and drink my own blood than watch this laborious, badly acted film ever again.<br /><br />I think the director Steven Okazaki must have spiked the water with Quaalude, because no one in this film had a personality. And when any of the characters DID try to act, as opposed to mumbling a line or two, their performance came across as forced and incredibly fake. I honestly did not think that anyone had ever acted before...the ONLY person who sounded genuine was Brenda Aoki.. I find it amazing that this is promoted as a comedy, because I didn't laugh once. Even MORE surprising is that CBS morning news called this ""a refreshing breath of comedy"". It was neither refreshing, nor a breath of comedy. And the ending was very predictable, the previous reviewer must be an idiot to think such things.<br /><br />AVOID this film unless you want to see a boring predictable plot line and wooden acting. I actually think that ""Spike of Bensonhurst"" is a better acted film than this...and I walked out half way through that film!",0
"It may be the remake of 1987 Autumn's Tale after eleven years, as the director Mabel Cheung claimed. Mabel employs rock music as the medium in this movie to express her personal attitude to life, in which love, desire and the consequential frustration play significantly crucial roles. Rock music may not be the best vehicle to convey the profound sentiment, and yet it is not too inappropriate to utilize it as the life of underground rock musicians is bitterly more intense than an ordinary one. The director focuses on the depiction of subtle affection and ultimate vanity of life rather than mere rock music. The love between father and son, lovers, and friends is delicately and touchingly delivered through the fine performance. Mabel does not attempt to beautify rock musicians as artists at all, instead, she tries to reproduce a true life on screen, making huge efforts of years' working on this project and gathering information in Beijing underground pubs.<br /><br />Daniel has given probably the best performance in all his movies made so far. His innate dispiritedness and reticence fit the blue mood of the film perfectly.",1
"My Super Ex Girlfriend turned out to be a pleasant surprise for me, I was really expecting a horrible movie that would probably be stupid and predictable, and you know what? It was! But this movie did have so many wonderful laughs and a fun plot that anyone could get a kick out of. I know that this was a very cheesy movie, but Uma and Anna were just so cool and Steve was such a great addition along with a great cast that looked like they had so much fun and that's what made the movie really work.<br /><br />Jenny Johnson(scary, that's my best friend's actual name) is not your typical average librarian looking woman, when Matt, your average male, asks her out, he's in for more than he expected, he's asked G-Girl out on a date, the super hero of the world! But when he finds out what a jealous and crazy girl she really is and decides that it may be a good idea that they spend some time apart, but Jenny won't have it since he's fallen for another girl, Hannah, and she will make his life a living hell, I mean, let's face it, he couldn't have chosen a better girl to break up with.<br /><br />The effect were corny, but you seriously move past them quickly, the story and cast made the story really work and I loved Uma in this movie, it was such a step up from Prime. My Super Ex Girlfriend is a fun movie that you shouldn't really take seriously, it's just a cute romantic comedy that I think if I could get a laugh out of it, anyone could.<br /><br />7/10",1
"I can't believe people are looking for a plot in this film. This is Laural and Hardy. Lighten up already. These two were a riot. Their comic genius is as funny today as it was 70 years ago. Not a filthy word out of either mouth and they were able to keep audiences in stitches. Their comedy wasn't sophisticated by any stretch. If a whoopee cushion can't make you grin, there's no reason to watch any of the stuff these guys did. It was a simpler time, and people laughed at stuff that was funny without a plot. I guess it takes a simple mind to enjoy this stuff, so I qualify. Two man comedy teams don't compute, We're just too sophisticated... Aren't we fortunate?",1
"If you haven't seen the gong show TV series then you won't like this movie much at all, not that knowing the series makes this a great movie. <br /><br />I give it a 5 out of 10 because a few things make it kind of amusing that help make up for its obvious problems.<br /><br />1) It's a funny snapshot of the era it was made in, the late 1970's and early 1980's. 2) You get a lot of funny cameos of people you've seen on the show. 3) It's interesting to see Chuck (the host) when he isn't doing his on air TV personality. 4) You get to see a lot of bizarre people doing all sorts of weirdness just like you see on the TV show.<br /><br />I won't list all the bad things because there's a lot of them, but here's a few of the most prominent.<br /><br />1) The Gong Show Movie has a lot of the actual TV show clips which gets tired at movie length. 2) The movie's story line outside of the clip segments is very weak and basically is made up of just one plot point. 3) Chuck is actually halfway decent as an actor, but most of the rest of the actors are doing typical way over the top 1970's flatness.<br /><br />It's a good movie to watch when you don't have an hour and a half you want to watch all at once. Watch 20 minutes at a time and it's not so bad. But even then it's not so good either. ;)",0
"I have always been a huge fan of ""Homicide: Life On The Street"" so when I heard there was a reunion movie coming up, I couldn't wait.<br /><br />Let me just say, I was not disappointed at all. It was one of the most powerful 2 hours of television I've ever seen. It was great to see everyone back again, but the biggest pleasure of all was to have Andre Braugher back, because the relationship between Pembleton and Bayliss was always the strongest part of an all-together great show.",1
"Greg Davis and Bryan Daly take some crazed statements by a terrorists, add some commentary by a bunch of uber-right reactionaries, ascribe the most extreme positions of the most fundamentalist Moslems on the planet to everyone who calls themselves a Moslem, and presents this as the theology of Islam. Maybe their next film will involve interviewing Fred Phelps and the congregation of the Westboro Baptist Church, adding commentary by some militant atheist ""scholars, and call their film ""What the World Needs to Know About Christianity."" Ultimately, this film suffers from both poor production values and lack of attention to the most basic standards of journalism. Don't waste your time and money; just turn on your AM radio and listen to Rush Limbaugh for a couple of days for free and you'll get the same message with the same level of intellectual analysis.",0
"A half-hearted attempt to bring Elvis Presley into the modern day, but despite a sexy little shower scene and a pseudo-Playboy magazine subplot, Presley is surrounded by the same old coy, winking clich√©s. A woman picks E.P. up on the beach and then proceeds to take over his life--and he doesn't seem to care! Dick Sargent is grueling in another sidebar, but Don Porter and Rudy Vallee (!) try hard as Elvis' two bosses (he's moonlighting, you see). Some of the songs are quite good, especially ""Almost in Love"", but if you want to see a looser, hipper, updated Elvis sex-comedy--look elsewhere. When Elvis and his Fatal Attraction get into bed together, there's actually a wooden board in between them! Get real. ** from ****",0
"If you want a fun romp with loads of subtle humor, then you will enjoy this flick.<br /><br />I don't understand why anyone wouldn't enjoy this one. Take it for what it is: a vehicle for Dennis Hopper to mess with your head and make you laugh. It ain't Shakespeare, but it is well done. Ericka Eleniak is absolutely beautiful and holds her own in this one - Better than any episode of Baywatch - and shows a knack for subtle humor. Too bad she hasn't had many opportunities to expand on that.<br /><br />Tom Berenger fits his role of ""real Navy"" perfectly and William McNamara does a solid job as a hustler.<br /><br />Throw in a walk-on by Hopper in the middle of the chase for ""the Cherry on this Sundae"" and you've got a movie that kept my attention and kept me laughing. I bought this one as soon as it was available.<br /><br />Brain-candy.",1